"","rowname","Mode1","Mode2","Mode3","rowname","Mode1","Mode2","Mode3"
"1","heart_shape_Volume_LV_ED",0.747038004063088,-0.280833225124836,0.155565689153244,"brain_bio.volume_of_peripheral_cortical_grey_matter.0.imaging",0.609632830110519,-0.46756023406139,0.15354797659981
"2","heart_shape_SurfaceArea_LV_ED",0.781167709670162,-0.200921277845457,0.172811926362304,"brain_bio.volume_of_ventricular_cerebrospinal_fluid.0.imaging",0.389582986139228,0.310492572569729,-0.281518854074035
"3","heart_shape_SurfaceAreatoVolumeRatio_LV_ED",-0.486150408383162,0.391005081168283,-0.0940368028956434,"brain_bio.volume_of_grey_matter.0.imaging",0.620696958117617,-0.490607651506374,0.104766297908989
"4","heart_shape_Sphericity_LV_ED",-0.314478583374376,-0.233889152017225,-0.0883456718712473,"brain_bio.volume_of_white_matter.0.imaging",0.783038001269382,-0.24258781005161,0.021767204714151
"5","heart_shape_Max3Ddiameter_LV_ED",0.66377904240498,-0.191678020043978,0.0916492299266474,"brain_bio.volume_of_brain._grey.white_matter.0.imaging",0.743066877463375,-0.378192894644666,0.0640689562303142
"6","heart_shape_Max2DdiameterSlice_LV_ED",0.522665814978962,-0.128316102087986,0.158855152264867,"brain_bio.volume_of_thalamus_.left..0.imaging",0.570208953285811,-0.453534119711557,0.0591304063125624
"7","heart_shape_Max2DdiameterColumn_LV_ED",0.705229884128372,-0.252285965404977,0.109868399393916,"brain_bio.volume_of_thalamus_.right..0.imaging",0.596700717892794,-0.453750473629417,0.0607039211447818
"8","heart_shape_Max2DdiameterRow_LV_ED",0.662369162655536,-0.21383783248338,0.105493132625872,"brain_bio.volume_of_caudate_.left..0.imaging",0.445882173104542,-0.233908191638518,-0.0447402098927284
"9","heart_shape_MajorAxis_LV_ED",0.719925804766295,-0.17772361686939,0.101588219847976,"brain_bio.volume_of_caudate_.right..0.imaging",0.444982470280622,-0.2121375752244,-0.0779468487682713
"10","heart_shape_MinorAxis_LV_ED",0.619932096978306,-0.26219319665203,0.217866133865425,"brain_bio.volume_of_putamen_.left..0.imaging",0.552600101410293,-0.394847494734875,0.0486113295294825
"11","heart_shape_LeastAxis_LV_ED",0.659790549631054,-0.208467006953673,0.135291665577727,"brain_bio.volume_of_pallidum_.left..0.imaging",0.424881833588763,-0.215636969795759,-0.110086090798082
"12","heart_shape_Elongation_LV_ED",-0.175060509934948,-0.0451775785720288,0.0882121166928334,"brain_bio.volume_of_pallidum_.right..0.imaging",0.429981855429878,-0.300199424232914,-0.085546556873675
"13","heart_shape_Flatness_LV_ED",-0.155453698438815,0.00686427764594161,0.0149882020056668,"brain_bio.volume_of_hippocampus_.left..0.imaging",0.311544177537545,-0.260616495051056,0.0562218684359279
"14","heart_shape_Volume_LV_ES",0.685046293134314,-0.258197491870214,0.0777738075072311,"brain_bio.volume_of_hippocampus_.right..0.imaging",0.355962877670293,-0.233278817884778,0.0220068042686985
"15","heart_shape_SurfaceArea_LV_ES",0.741056563916708,-0.189079492773313,0.0841801721788132,"brain_bio.volume_of_amygdala_.left..0.imaging",0.354253974781169,-0.0952729552430624,-0.04282127700386
"16","heart_shape_SurfaceAreatoVolumeRatio_LV_ES",-0.472881136666809,0.408452773545499,-0.0676281016762479,"brain_bio.volume_of_amygdala_.right..0.imaging",0.305571524465833,-0.0792538143054243,-0.0198630644479359
"17","heart_shape_Sphericity_LV_ES",-0.346280684224352,-0.289203830769185,-0.0229344217288571,"brain_bio.volume_of_accumbens_.left..0.imaging",0.24390153662585,-0.413535641079349,0.147758352649003
"18","heart_shape_Max3Ddiameter_LV_ES",0.650338772045171,-0.165122031779704,0.0421949951799448,"brain_bio.volume_of_accumbens_.right..0.imaging",0.178812251915858,-0.432788757320017,0.205379127471663
"19","heart_shape_Max2DdiameterSlice_LV_ES",0.586646388176827,-0.0122550666393017,0.0282161103341472,"brain_bio.volume_of_brain_stem_._4th_ventricle.0.imaging",0.606911220805636,-0.194598413531124,-0.14291113852327
"20","heart_shape_Max2DdiameterColumn_LV_ES",0.662830035623625,-0.202430344931647,0.0582245847667959,"brain_wmh",0.139113643767514,0.470155368828576,-0.188233008425822
"21","heart_shape_Max2DdiameterRow_LV_ES",0.648272844144423,-0.197675391727124,0.0505893686780491,"brain_bio.weighted.mean_fa_in_tract_acoustic_radiation_.left..0.imaging",0.0543854135037993,-0.043895924730464,0.120786983004152
"22","heart_shape_MajorAxis_LV_ES",0.702465067400823,-0.125797020514412,0.00850261164549797,"brain_bio.weighted.mean_fa_in_tract_acoustic_radiation_.right..0.imaging",0.268362578306757,0.0278287013948111,0.172098434752256
"23","heart_shape_MinorAxis_LV_ES",0.654300127456682,-0.137616521268221,0.0886603873685377,"brain_bio.weighted.mean_fa_in_tract_anterior_thalamic_radiation_.left..0.imaging",0.0661049993436308,-0.299365920860053,0.259441983263261
"24","heart_shape_LeastAxis_LV_ES",0.631977319465356,-0.248692147003057,0.122757155197625,"brain_bio.weighted.mean_fa_in_tract_anterior_thalamic_radiation_.right..0.imaging",0.117961231351052,-0.23670571212428,0.258552157884425
"25","heart_shape_Elongation_LV_ES",-0.0867571752055387,-0.00304553740560816,0.0827444236503487,"brain_bio.weighted.mean_fa_in_tract_cingulate_gyrus_part_of_cingulum_.left..0.imaging",0.175400480339675,-0.188797260333502,0.105665967645733
"26","heart_shape_Flatness_LV_ES",-0.134051373185928,-0.115721876271451,0.11607419810577,"brain_bio.weighted.mean_fa_in_tract_cingulate_gyrus_part_of_cingulum_.right..0.imaging",0.135456750646326,-0.146414730778315,0.0471255333088253
"27","heart_shape_Volume_RV_ED",0.796236519909648,-0.331868920678657,0.132292684003625,"brain_bio.weighted.mean_fa_in_tract_corticospinal_tract_.left..0.imaging",0.17741735192224,-0.0467306425023942,0.191100826142673
"28","heart_shape_SurfaceArea_RV_ED",0.772716735564747,-0.395409755872585,0.0904439128572013,"brain_bio.weighted.mean_fa_in_tract_corticospinal_tract_.right..0.imaging",0.277846656574382,-0.0211439244595858,0.192219271083349
"29","heart_shape_SurfaceAreatoVolumeRatio_RV_ED",-0.69062899533459,0.157517636533517,-0.188347001215326,"brain_bio.weighted.mean_fa_in_tract_forceps_major.0.imaging",-0.0012889192120077,-0.0655831975969525,0.109039300349856
"30","heart_shape_Sphericity_RV_ED",0.0292162566251724,0.26965776764271,0.152557936563399,"brain_bio.weighted.mean_fa_in_tract_forceps_minor.0.imaging",0.0503547717925568,-0.291849927815087,0.222256501876029
"31","heart_shape_Max3Ddiameter_RV_ED",0.684209460597358,-0.333566449129799,0.0865305591137798,"brain_bio.weighted.mean_fa_in_tract_inferior_fronto.occipital_fasciculus_.right..0.imaging",-0.0131360952934128,-0.198439695813848,0.264278174584748
"32","heart_shape_Max2DdiameterSlice_RV_ED",0.478035957210051,-0.44983049041245,0.0160995473575147,"brain_bio.weighted.mean_fa_in_tract_inferior_longitudinal_fasciculus_.left..0.imaging",-0.101961239732046,-0.245772133716513,0.21554189349134
"33","heart_shape_Max2DdiameterColumn_RV_ED",0.632005844346137,-0.295123549795277,0.141992791997935,"brain_bio.weighted.mean_fa_in_tract_inferior_longitudinal_fasciculus_.right..0.imaging",-0.0184301316879286,-0.230115405624685,0.276819451705927
"34","heart_shape_Max2DdiameterRow_RV_ED",0.607188532966439,-0.300912395649936,0.107906780580209,"brain_bio.weighted.mean_fa_in_tract_posterior_thalamic_radiation_.left..0.imaging",-0.107243990891922,-0.349703742222544,0.107937449407493
"35","heart_shape_MajorAxis_RV_ED",0.632964831080736,-0.45452683400576,0.108198437946337,"brain_bio.weighted.mean_fa_in_tract_posterior_thalamic_radiation_.right..0.imaging",-0.000301387610453155,-0.273371890038319,0.145381433802452
"36","heart_shape_MinorAxis_RV_ED",0.566815747450504,-0.432573078144627,0.0749629937745495,"brain_bio.weighted.mean_fa_in_tract_superior_longitudinal_fasciculus_.left..0.imaging",-0.0578276542150444,-0.245658211761576,0.194553396025901
"37","heart_shape_LeastAxis_RV_ED",0.70028114476651,-0.068182686555616,0.0239995124337122,"brain_bio.weighted.mean_fa_in_tract_superior_longitudinal_fasciculus_.right..0.imaging",0.0376835940764409,-0.213161200333585,0.232891542945049
"38","heart_shape_Elongation_RV_ED",0.0798048015318323,-0.077288246488967,-0.0082046516368186,"brain_bio.weighted.mean_fa_in_tract_superior_thalamic_radiation_.left..0.imaging",0.150648687273822,-0.0493394231194381,0.107921690890749
"39","heart_shape_Flatness_RV_ED",0.07024908438833,0.370227200595724,-0.0842557992665545,"brain_bio.weighted.mean_fa_in_tract_superior_thalamic_radiation_.right..0.imaging",0.166760524895428,-0.0399084622127419,0.122678965908077
"40","heart_shape_Volume_RV_ES",0.768806752344346,-0.335531291017591,0.10844161498057,"brain_bio.weighted.mean_fa_in_tract_uncinate_fasciculus_.left..0.imaging",0.13567345187078,-0.190736558860579,0.236369785363822
"41","heart_shape_SurfaceArea_RV_ES",0.772995773359101,-0.369149354534113,0.0907839961056368,"brain_bio.weighted.mean_fa_in_tract_uncinate_fasciculus_.right..0.imaging",0.128777249810745,-0.196594596967685,0.234200047935436
"42","heart_shape_SurfaceAreatoVolumeRatio_RV_ES",-0.679045963671944,0.239863536105798,-0.126090463392057,"brain_bio.weighted.mean_md_in_tract_acoustic_radiation_.left..0.imaging",0.00706498348343657,0.0537116304874259,-0.146800253644795
"43","heart_shape_Sphericity_RV_ES",0.0702474928400646,0.129180152228655,0.0924587071395469,"brain_bio.weighted.mean_md_in_tract_acoustic_radiation_.right..0.imaging",-0.175453704091114,0.0223291374913824,-0.300298444131202
"44","heart_shape_Max3Ddiameter_RV_ES",0.686345888684044,-0.209503908146731,0.0985815715868035,"brain_bio.weighted.mean_md_in_tract_anterior_thalamic_radiation_.left..0.imaging",0.108180827104107,0.464281624577784,-0.503731300094749
"45","heart_shape_Max2DdiameterSlice_RV_ES",0.525676396768766,-0.23032852943209,0.0492469425209549,"brain_bio.weighted.mean_md_in_tract_anterior_thalamic_radiation_.right..0.imaging",0.130962534327963,0.483459757677686,-0.471422044898374
"46","heart_shape_Max2DdiameterColumn_RV_ES",0.59420485056397,-0.25823923267796,0.163636939297487,"brain_bio.weighted.mean_md_in_tract_cingulate_gyrus_part_of_cingulum_.left..0.imaging",0.00306472604026285,0.241190368929878,-0.207804380743977
"47","heart_shape_Max2DdiameterRow_RV_ES",0.504575163318932,-0.278822472923485,0.0461777197017078,"brain_bio.weighted.mean_md_in_tract_corticospinal_tract_.left..0.imaging",0.0248429591046522,0.109966267010944,-0.300719537774259
"48","heart_shape_MajorAxis_RV_ES",0.62791530959766,-0.229382015784266,0.0520365862250209,"brain_bio.weighted.mean_md_in_tract_corticospinal_tract_.right..0.imaging",-0.0349090815816601,0.0868412732353579,-0.30389629399625
"49","heart_shape_MinorAxis_RV_ES",0.586482575472683,-0.388693407037259,0.12129027190945,"brain_bio.weighted.mean_md_in_tract_forceps_major.0.imaging",0.043721500465938,0.00336812974094054,-0.206642474607053
"50","heart_shape_LeastAxis_RV_ES",0.721875584984997,-0.234986915073531,0.0272660811422996,"brain_bio.weighted.mean_md_in_tract_forceps_minor.0.imaging",0.0690677808228259,0.222424620628091,-0.281616069694268
"51","heart_shape_Elongation_RV_ES",0.194037283958229,-0.235705969763313,0.0924407060895399,"brain_bio.weighted.mean_md_in_tract_inferior_fronto.occipital_fasciculus_.left..0.imaging",0.121189812703686,0.297286920010785,-0.397889528130282
"52","heart_shape_Flatness_RV_ES",0.192514732103711,-0.0248727438370332,-0.0212157220259885,"brain_bio.weighted.mean_md_in_tract_inferior_fronto.occipital_fasciculus_.right..0.imaging",0.129264071475817,0.311544520855481,-0.390914197366201
"53","heart_shape_Volume_MYO_ED",0.907164815750893,-0.0174183889525881,0.114127571036693,"brain_bio.weighted.mean_md_in_tract_inferior_longitudinal_fasciculus_.left..0.imaging",0.134238123880559,0.232951875347303,-0.374486736824486
"54","heart_shape_SurfaceArea_MYO_ED",0.828333776822353,-0.19921111211974,0.171928755077132,"brain_bio.weighted.mean_md_in_tract_inferior_longitudinal_fasciculus_.right..0.imaging",0.120218123719023,0.257154002658841,-0.396171743111995
"55","heart_shape_SurfaceAreatoVolumeRatio_MYO_ED",-0.798236554924013,-0.215043746047462,0.0114725011579502,"brain_bio.weighted.mean_md_in_tract_posterior_thalamic_radiation_.left..0.imaging",0.169136877033629,0.327872432219719,-0.324032426884113
"56","heart_shape_Sphericity_MYO_ED",0.388979124816995,0.417930453930181,-0.134902175075674,"brain_bio.weighted.mean_md_in_tract_posterior_thalamic_radiation_.right..0.imaging",0.146183551196241,0.326428102293752,-0.308867896672338
"57","heart_shape_Max3Ddiameter_MYO_ED",0.656490908455489,-0.148087303015623,0.126229861156115,"brain_bio.weighted.mean_md_in_tract_superior_longitudinal_fasciculus_.left..0.imaging",0.0855367325943821,0.333838258627757,-0.327144045179917
"58","heart_shape_Max2DdiameterSlice_MYO_ED",0.53899456575437,-0.111361386423312,0.167542149449873,"brain_bio.weighted.mean_md_in_tract_superior_longitudinal_fasciculus_.right..0.imaging",0.0528528972087458,0.327794816847921,-0.319182889972564
"59","heart_shape_Max2DdiameterColumn_MYO_ED",0.763208897051621,-0.18974381973654,0.133189945465707,"brain_bio.weighted.mean_md_in_tract_superior_thalamic_radiation_.left..0.imaging",0.01156971456944,0.385884454234805,-0.332019680113215
"60","heart_shape_Max2DdiameterRow_MYO_ED",0.675540304185449,-0.188756650059806,0.118968657397831,"brain_bio.weighted.mean_md_in_tract_superior_thalamic_radiation_.right..0.imaging",-0.00674021895181078,0.367823373383779,-0.340740553969617
"61","heart_shape_MajorAxis_MYO_ED",0.74875667119135,-0.162573572925435,0.148915197435025,"brain_bio.weighted.mean_md_in_tract_uncinate_fasciculus_.right..0.imaging",0.0406528536707093,0.286163026204299,-0.408449835846177
"62","heart_shape_MinorAxis_MYO_ED",0.710572009768814,-0.236192948166671,0.174668499525719,"brain_bio.weighted.mean_mo_in_tract_acoustic_radiation_.left..0.imaging",0.0104140654493945,0.0758065679858332,0.0879582730854384
"63","heart_shape_LeastAxis_MYO_ED",0.739455852387882,-0.300737411481239,0.147814137525402,"brain_bio.weighted.mean_mo_in_tract_acoustic_radiation_.right..0.imaging",0.0335131658228023,0.0438408048749658,0.0609897511047823
"64","heart_shape_Elongation_MYO_ED",-0.106956484709529,-0.0689688543719317,0.016293900432857,"brain_bio.weighted.mean_mo_in_tract_anterior_thalamic_radiation_.left..0.imaging",0.0904547634546247,0.00549000625972928,-0.104237492217994
"65","heart_shape_Flatness_MYO_ED",-0.0808830325044166,-0.144424484893059,-0.0150119962754932,"brain_bio.weighted.mean_mo_in_tract_anterior_thalamic_radiation_.right..0.imaging",0.182157691246305,-0.0300491979559615,-0.0972592773509975
"66","heart_shape_Volume_MYO_ES",0.905095890259357,0.0306155657538883,0.102584194198882,"brain_bio.weighted.mean_mo_in_tract_cingulate_gyrus_part_of_cingulum_.left..0.imaging",0.119334717508741,-0.247847611181347,0.208280703917312
"67","heart_shape_SurfaceArea_MYO_ES",0.843065133006708,-0.148322791143032,0.128624417733413,"brain_bio.weighted.mean_mo_in_tract_cingulate_gyrus_part_of_cingulum_.right..0.imaging",0.0679303746350307,-0.1744094116557,0.129134340831615
"68","heart_shape_SurfaceAreatoVolumeRatio_MYO_ES",-0.658346607966637,-0.284057131159404,-0.00102323624340705,"brain_bio.weighted.mean_mo_in_tract_corticospinal_tract_.left..0.imaging",0.143350567286368,0.00705803859903531,0.0391608385198859
"69","heart_shape_Sphericity_MYO_ES",0.0517825651088743,0.430986615735878,-0.0942253692645205,"brain_bio.weighted.mean_mo_in_tract_corticospinal_tract_.right..0.imaging",0.14227169955468,-0.0360326314694574,0.0033832485399199
"70","heart_shape_Max3Ddiameter_MYO_ES",0.634915588375915,-0.117293730231404,0.0668459343708666,"brain_bio.weighted.mean_mo_in_tract_forceps_major.0.imaging",0.0921544288467168,-0.092951629303406,0.0608711342069801
"71","heart_shape_Max2DdiameterSlice_MYO_ES",0.549198627221642,-0.0368128086608131,0.0972876195955183,"brain_bio.weighted.mean_mo_in_tract_forceps_minor.0.imaging",0.0156784530773758,-0.192348447229712,0.144735751179466
"72","heart_shape_Max2DdiameterColumn_MYO_ES",0.796788481945825,-0.151256038816397,0.0728722174292661,"brain_bio.weighted.mean_mo_in_tract_inferior_fronto.occipital_fasciculus_.left..0.imaging",0.0612456940938157,-0.125541383443014,0.0599867046687234
"73","heart_shape_Max2DdiameterRow_MYO_ES",0.663380343952433,-0.127244099957143,0.068478488404749,"brain_bio.weighted.mean_mo_in_tract_inferior_fronto.occipital_fasciculus_.right..0.imaging",0.204192525658383,-0.0327733947559349,0.129813521453185
"74","heart_shape_MajorAxis_MYO_ES",0.796659885773233,-0.143453667047714,0.0861360627841953,"brain_bio.weighted.mean_mo_in_tract_inferior_longitudinal_fasciculus_.left..0.imaging",0.172114726946073,-0.107108267759977,0.055885553343255
"75","heart_shape_MinorAxis_MYO_ES",0.774424935740894,-0.161487366133328,0.118012500790165,"brain_bio.weighted.mean_mo_in_tract_inferior_longitudinal_fasciculus_.right..0.imaging",0.244730337944153,-0.0917889757330566,0.0908974376622801
"76","heart_shape_LeastAxis_MYO_ES",0.773122591424566,-0.252490315200322,0.131147019350637,"brain_bio.weighted.mean_mo_in_tract_posterior_thalamic_radiation_.left..0.imaging",0.178140083622174,-0.225617809462288,-0.0470813714234857
"77","heart_shape_Elongation_MYO_ES",-0.14974155653963,-0.00170017484775536,0.0299814254104716,"brain_bio.weighted.mean_mo_in_tract_posterior_thalamic_radiation_.right..0.imaging",0.230592756389899,-0.0962501083104856,0.0241794582474855
"78","heart_shape_Flatness_MYO_ES",-0.139296916625408,-0.129344139907964,0.0503061833978726,"brain_bio.weighted.mean_mo_in_tract_superior_longitudinal_fasciculus_.left..0.imaging",0.222235851079318,0.013126289536015,0.0827178838092155
"79","heart_intensity_Energy_MYO_ED",0.417508461943109,-0.423096636949456,-0.514209065618546,"brain_bio.weighted.mean_mo_in_tract_superior_longitudinal_fasciculus_.right..0.imaging",0.292697877836885,0.0189961811225614,0.0553865364525561
"80","heart_intensity_TotalEnergy_MYO_ED",0.459483468727413,-0.378574876779138,-0.488666965489194,"brain_bio.weighted.mean_mo_in_tract_superior_thalamic_radiation_.left..0.imaging",0.26071993912869,0.141649135491,-0.138904231164159
"81","heart_intensity_Entropy_MYO_ED",-0.457366366458828,-0.235212589704251,-0.0455092395809082,"brain_bio.weighted.mean_mo_in_tract_superior_thalamic_radiation_.right..0.imaging",0.293247796559999,0.103643244819863,-0.211857766330301
"82","heart_intensity_Minimum_MYO_ED",-0.0442173569413069,-0.219087751351446,-0.519720902188717,"brain_bio.weighted.mean_mo_in_tract_uncinate_fasciculus_.left..0.imaging",0.0441038493321402,-0.107586251610165,0.0654810660836036
"83","heart_intensity_Percentile10_MYO_ED",0.139552851597815,-0.391487448849615,-0.664546504684627,"brain_bio.weighted.mean_mo_in_tract_uncinate_fasciculus_.right..0.imaging",0.103751247240275,-0.138887401461343,0.087060141259814
"84","heart_intensity_Percentile90_MYO_ED",-0.147331342182883,-0.431249599948048,-0.531205765662707,"brain_bio.weighted.mean_l1_in_tract_acoustic_radiation_.left..0.imaging",0.041376527401572,0.0543485346666141,-0.0946286871436071
"85","heart_intensity_Maximum_MYO_ED",-0.155503331877998,-0.299189927675839,-0.366864728587921,"brain_bio.weighted.mean_l1_in_tract_acoustic_radiation_.right..0.imaging",-0.0795592361770768,0.0515338788511621,-0.261669548606824
"86","heart_intensity_Mean_MYO_ED",0.0161061233528761,-0.414857534232327,-0.653258077095337,"brain_bio.weighted.mean_l1_in_tract_anterior_thalamic_radiation_.left..0.imaging",0.168039450810902,0.420769716759809,-0.499624305152609
"87","heart_intensity_Median_MYO_ED",0.0591654459977501,-0.388951130490922,-0.666912994557694,"brain_bio.weighted.mean_l1_in_tract_anterior_thalamic_radiation_.right..0.imaging",0.222987642446806,0.456440091942209,-0.441559026247911
"88","heart_intensity_InterquartileRange_MYO_ED",-0.381586451588802,-0.0670843510041323,0.0243167686297535,"brain_bio.weighted.mean_l1_in_tract_cingulate_gyrus_part_of_cingulum_.left..0.imaging",0.137442369458672,0.0348590395163939,-0.0776497090894524
"89","heart_intensity_Range_MYO_ED",-0.158654318333512,-0.285251007848654,-0.312299694303767,"brain_bio.weighted.mean_l1_in_tract_cingulate_gyrus_part_of_cingulum_.right..0.imaging",0.0798102822900285,0.073576361629035,-0.102983128800624
"90","heart_intensity_MeanAbsoluteDeviation_MYO_ED",-0.451862574025775,-0.179293945502339,-0.00199870472944331,"brain_bio.weighted.mean_l1_in_tract_corticospinal_tract_.left..0.imaging",0.162480755074509,0.0710259777190997,-0.175137151824073
"91","heart_intensity_RobustMeanAbsoluteDeviation_MYO_ED",-0.407976143705553,-0.0847641714516389,0.0531256789534252,"brain_bio.weighted.mean_l1_in_tract_corticospinal_tract_.right..0.imaging",0.155789019960022,0.0618149225560067,-0.175133541493354
"92","heart_intensity_RootMeanSquared_MYO_ED",-0.0173814747038725,-0.417573674840767,-0.634695862044039,"brain_bio.weighted.mean_l1_in_tract_forceps_major.0.imaging",0.0728426111489348,-0.0187694737480899,-0.207244957598348
"93","heart_intensity_Skewness_MYO_ED",-0.163416995275214,-0.0112301252861118,0.0663451425299597,"brain_bio.weighted.mean_l1_in_tract_inferior_fronto.occipital_fasciculus_.left..0.imaging",0.126877501282157,0.174620932790427,-0.350375822278269
"94","heart_intensity_Kurtosis_MYO_ED",0.0448574894895665,-0.0596934189999124,-0.202414566919958,"brain_bio.weighted.mean_l1_in_tract_inferior_fronto.occipital_fasciculus_.right..0.imaging",0.171934652807607,0.24566040886904,-0.31229459977583
"95","heart_intensity_Variance_MYO_ED",-0.301036537465853,-0.175807213407326,-0.0582902198203322,"brain_bio.weighted.mean_l1_in_tract_inferior_longitudinal_fasciculus_.left..0.imaging",0.130937313261784,0.134379993759798,-0.338327911877322
"96","heart_intensity_Uniformity_MYO_ED",0.389544823873095,0.131052552900076,-0.0226449839352535,"brain_bio.weighted.mean_l1_in_tract_inferior_longitudinal_fasciculus_.right..0.imaging",0.159399002374923,0.17161935253721,-0.330439452050095
"97","heart_intensity_Energy_MYO_ES",0.410153873025664,-0.534233252065644,-0.420305843172994,"brain_bio.weighted.mean_l1_in_tract_posterior_thalamic_radiation_.left..0.imaging",0.179766013308605,0.196936667959212,-0.331832014527354
"98","heart_intensity_TotalEnergy_MYO_ES",0.446651785192905,-0.500762347659489,-0.400245786386512,"brain_bio.weighted.mean_l1_in_tract_posterior_thalamic_radiation_.right..0.imaging",0.186271730120234,0.223531987109858,-0.28985224263121
"99","heart_intensity_Entropy_MYO_ES",-0.105265805199336,-0.379093156037767,0.0603854466436077,"brain_bio.weighted.mean_l1_in_tract_superior_longitudinal_fasciculus_.left..0.imaging",0.101076368698282,0.285994778814482,-0.287661982491227
"100","heart_intensity_Minimum_MYO_ES",-0.014532188513707,-0.21907822048086,-0.464841365182779,"brain_bio.weighted.mean_l1_in_tract_superior_longitudinal_fasciculus_.right..0.imaging",0.112505646019698,0.295797993638429,-0.25357653356255
"101","heart_intensity_Percentile10_MYO_ES",0.0462741189129884,-0.5026224389796,-0.613145021892411,"brain_bio.weighted.mean_l1_in_tract_superior_thalamic_radiation_.left..0.imaging",0.125839125421915,0.399987444755707,-0.297662977400623
"102","heart_intensity_Percentile90_MYO_ES",0.0107371034079836,-0.596584610338163,-0.47012463393095,"brain_bio.weighted.mean_l1_in_tract_superior_thalamic_radiation_.right..0.imaging",0.110347799476537,0.379507837631376,-0.311553030035146
"103","heart_intensity_Maximum_MYO_ES",-0.0172810557277498,-0.437336567202064,-0.386264126539455,"brain_bio.weighted.mean_l1_in_tract_uncinate_fasciculus_.left..0.imaging",0.081212818092755,0.199248580092318,-0.365582965694788
"104","heart_intensity_Mean_MYO_ES",0.0214726575483452,-0.589671909725013,-0.547568031875857,"brain_bio.weighted.mean_l1_in_tract_uncinate_fasciculus_.right..0.imaging",0.132178435048805,0.214517699856522,-0.344343055380983
"105","heart_intensity_Median_MYO_ES",0.0151998079118072,-0.599694122609566,-0.531512892624141,"brain_bio.weighted.mean_l2_in_tract_acoustic_radiation_.left..0.imaging",-0.00909819732249325,0.0341641595948041,-0.168594108075444
"106","heart_intensity_InterquartileRange_MYO_ES",-0.0595901831964865,-0.387454053088,0.0776184149721709,"brain_bio.weighted.mean_l2_in_tract_acoustic_radiation_.right..0.imaging",-0.196773498418979,-0.000514993361882266,-0.299564140038078
"107","heart_intensity_Range_MYO_ES",-0.0153452689068934,-0.427039105572308,-0.306560202054591,"brain_bio.weighted.mean_l2_in_tract_anterior_thalamic_radiation_.left..0.imaging",0.0724928399597879,0.444310825837043,-0.469223480495903
"108","heart_intensity_MeanAbsoluteDeviation_MYO_ES",-0.0768169838405645,-0.4025407148569,0.0432894880899954,"brain_bio.weighted.mean_l2_in_tract_anterior_thalamic_radiation_.right..0.imaging",0.0675140701624866,0.461082913777525,-0.448642781573684
"109","heart_intensity_RobustMeanAbsoluteDeviation_MYO_ES",-0.0569723066568246,-0.391292802527634,0.0796936620077659,"brain_bio.weighted.mean_l2_in_tract_cingulate_gyrus_part_of_cingulum_.right..0.imaging",-0.0803601013878291,0.259572262882199,-0.196911662547459
"110","heart_intensity_RootMeanSquared_MYO_ES",0.0170911171915437,-0.595642450737562,-0.533701561690057,"brain_bio.weighted.mean_l2_in_tract_corticospinal_tract_.left..0.imaging",-0.0986429512972553,0.093188648639828,-0.288486071190866
"111","heart_intensity_Skewness_MYO_ES",0.00932840942929709,0.309005194194005,0.0660393559256021,"brain_bio.weighted.mean_l2_in_tract_corticospinal_tract_.right..0.imaging",-0.157448581521195,0.0804714862158165,-0.289854166339767
"112","heart_intensity_Kurtosis_MYO_ES",-0.00851035963636186,0.0318654242756596,-0.187190998874706,"brain_bio.weighted.mean_l2_in_tract_forceps_major.0.imaging",0.0103023788689125,0.0161041688770709,-0.174923850319577
"113","heart_intensity_Variance_MYO_ES",-0.0610696400333531,-0.300966777380096,-0.0117842508672208,"brain_bio.weighted.mean_l2_in_tract_forceps_minor.0.imaging",0.00869097506371434,0.267856614241361,-0.269184883558734
"114","heart_intensity_Uniformity_MYO_ES",0.0786074995771983,0.314822610236649,-0.0999287670711525,"brain_bio.weighted.mean_l2_in_tract_inferior_fronto.occipital_fasciculus_.left..0.imaging",0.0781126781382727,0.32978888448346,-0.370586732575429
"115","heart_texture_Autocorrelation_glcm_MYO_ED",0.0121350372520308,-0.38949586720626,-0.57750448194293,"brain_bio.weighted.mean_l2_in_tract_inferior_fronto.occipital_fasciculus_.right..0.imaging",0.0481945761575275,0.312411256882663,-0.397441758736853
"116","heart_texture_JointAverage_glcm_MYO_ED",0.021743803825707,-0.408116755827695,-0.604033383230251,"brain_bio.weighted.mean_l2_in_tract_inferior_longitudinal_fasciculus_.left..0.imaging",0.082262732738645,0.261559964516688,-0.354570882804872
"117","heart_texture_ClusterProminence_glcm_MYO_ED",-0.0606396749637714,-0.0278924876545563,0.00821356765209286,"brain_bio.weighted.mean_l2_in_tract_inferior_longitudinal_fasciculus_.right..0.imaging",0.0437456757091731,0.277608760145628,-0.395768966510562
"118","heart_texture_ClusterShade_glcm_MYO_ED",-0.115326517725124,-0.0384116630047982,0.0388528341721696,"brain_bio.weighted.mean_l2_in_tract_posterior_thalamic_radiation_.left..0.imaging",0.108526992250301,0.387338289361439,-0.292560658106553
"119","heart_texture_ClusterTendency_glcm_MYO_ED",-0.226906747421672,-0.129652818153107,-0.023997419250647,"brain_bio.weighted.mean_l2_in_tract_posterior_thalamic_radiation_.right..0.imaging",0.0673550897244703,0.366907385580377,-0.298760315687066
"120","heart_texture_Contrast_glcm_MYO_ED",-0.447660329654559,-0.233488513401569,-0.0248121688247563,"brain_bio.weighted.mean_l2_in_tract_superior_longitudinal_fasciculus_.left..0.imaging",0.0253822323981453,0.315552112970542,-0.330375866750913
"121","heart_texture_Correlation_glcm_MYO_ED",0.34944490473938,0.0940574290662222,-0.0845379752937128,"brain_bio.weighted.mean_l2_in_tract_superior_longitudinal_fasciculus_.right..0.imaging",-0.0281014994574526,0.312543031323491,-0.326749414860326
"122","heart_texture_DifferenceAverage_glcm_MYO_ED",-0.5402528727771,-0.23190214443622,0.0277558895449837,"brain_bio.weighted.mean_l2_in_tract_superior_thalamic_radiation_.left..0.imaging",-0.0968392711449921,0.28931690874675,-0.274633751890094
"123","heart_texture_DifferenceEntropy_glcm_MYO_ED",-0.567429372504576,-0.272171789246404,0.0217477615496283,"brain_bio.weighted.mean_l2_in_tract_uncinate_fasciculus_.left..0.imaging",-0.0213510438916516,0.277625419276453,-0.393000129966901
"124","heart_texture_DifferenceVariance_glcm_MYO_ED",-0.387819697625258,-0.242618931825442,-0.0655064446325465,"brain_bio.weighted.mean_l2_in_tract_uncinate_fasciculus_.right..0.imaging",-0.00642571272461253,0.30608522810867,-0.403078416942
"125","heart_texture_JointEnergy_glcm_MYO_ED",0.336204933354366,0.119652671962285,-0.0135206517189573,"brain_bio.weighted.mean_l3_in_tract_acoustic_radiation_.left..0.imaging",-0.0222370215299034,0.0594215493938635,-0.153671216754504
"126","heart_texture_JointEntropy_glcm_MYO_ED",-0.448299126933649,-0.224725060470665,-0.0123691015020229,"brain_bio.weighted.mean_l3_in_tract_acoustic_radiation_.right..0.imaging",-0.234904646795692,0.00555699373752646,-0.286664036853143
"127","heart_texture_InformalMeasureofCorrelation1_glcm_MYO_ED",-0.391253030171464,-0.160103908111492,0.175531948029239,"brain_bio.weighted.mean_l3_in_tract_anterior_thalamic_radiation_.left..0.imaging",0.0622447486521426,0.468819270385373,-0.473468282033679
"128","heart_texture_InformalMeasureofCorrelation2_glcm_MYO_ED",0.178893060167758,0.0164887001925363,-0.193286388633694,"brain_bio.weighted.mean_l3_in_tract_anterior_thalamic_radiation_.right..0.imaging",0.0685480998049535,0.465705981346589,-0.45914424718875
"129","heart_texture_InverseDifferenceMoment_glcm_MYO_ED",0.54546575265296,0.208522491117069,-0.0553906553360127,"brain_bio.weighted.mean_l3_in_tract_cingulate_gyrus_part_of_cingulum_.left..0.imaging",-0.121040951652593,0.238546945438359,-0.152031142452464
"130","heart_texture_InverseDifferenceMomentNormalized_glcm_MYO_ED",0.18109267957758,-0.199300625765825,-0.403989501462691,"brain_bio.weighted.mean_l3_in_tract_cingulate_gyrus_part_of_cingulum_.right..0.imaging",-0.117538216303103,0.218598438627692,-0.107104698616865
"131","heart_texture_InverseDifference_glcm_MYO_ED",0.532207505154418,0.200842824344111,-0.0529740777154883,"brain_bio.weighted.mean_l3_in_tract_corticospinal_tract_.left..0.imaging",-0.07653746987918,0.113552252904293,-0.304024123734047
"132","heart_texture_InverseDifferenceNormalized_glcm_MYO_ED",0.283497530633305,-0.12839635427131,-0.368468161650444,"brain_bio.weighted.mean_l3_in_tract_corticospinal_tract_.right..0.imaging",-0.187257796220919,0.0730612849436298,-0.313694163367984
"133","heart_texture_InverseVariance_glcm_MYO_ED",-0.328437636045618,-0.0899440563984895,0.0400988174141988,"brain_bio.weighted.mean_l3_in_tract_forceps_major.0.imaging",0.0337859276833555,0.0145255038320266,-0.18514224999565
"134","heart_texture_MaximumProbability_glcm_MYO_ED",0.277988788789277,0.0966568296838361,0.0219195580988477,"brain_bio.weighted.mean_l3_in_tract_forceps_minor.0.imaging",0.0243502553069412,0.267426035355596,-0.273626225669856
"135","heart_texture_SumAverage_glcm_MYO_ED",0.0217438064318458,-0.408116745160603,-0.604033381234602,"brain_bio.weighted.mean_l3_in_tract_inferior_fronto.occipital_fasciculus_.left..0.imaging",0.123437753154057,0.321315675363041,-0.366318245624475
"136","heart_texture_SumEntropy_glcm_MYO_ED",-0.367423784191317,-0.208130851187404,-0.0387841683387659,"brain_bio.weighted.mean_l3_in_tract_inferior_fronto.occipital_fasciculus_.right..0.imaging",0.128651165337261,0.310960968805133,-0.379984331747771
"137","heart_texture_SumofSquares_glcm_MYO_ED",-0.300852909929767,-0.165271613596923,-0.0251157867271433,"brain_bio.weighted.mean_l3_in_tract_inferior_longitudinal_fasciculus_.left..0.imaging",0.16281239395052,0.264041703941211,-0.355641410809592
"138","heart_texture_Autocorrelation_glcm_MYO_ES",-0.0104478457300327,-0.565499791387785,-0.3996242950814,"brain_bio.weighted.mean_l3_in_tract_inferior_longitudinal_fasciculus_.right..0.imaging",0.129744296425428,0.28150173365555,-0.391756456588483
"139","heart_texture_JointAverage_glcm_MYO_ES",-0.0153984256781728,-0.575213575204504,-0.419121278585134,"brain_bio.weighted.mean_l3_in_tract_posterior_thalamic_radiation_.left..0.imaging",0.187907748739151,0.357213424619196,-0.287428290467884
"140","heart_texture_ClusterProminence_glcm_MYO_ES",-0.0156236068280376,-0.0300786686335312,0.0272511248301982,"brain_bio.weighted.mean_l3_in_tract_posterior_thalamic_radiation_.right..0.imaging",0.149219048131217,0.341965496700901,-0.279940965131255
"141","heart_texture_ClusterShade_glcm_MYO_ES",-0.00574713639091202,0.0143930380761974,0.0244489936167591,"brain_bio.weighted.mean_l3_in_tract_superior_longitudinal_fasciculus_.left..0.imaging",0.109749823653943,0.33063082613166,-0.29484512172196
"142","heart_texture_ClusterTendency_glcm_MYO_ES",0.0173952053161848,-0.259255757647578,0.030351810158533,"brain_bio.weighted.mean_l3_in_tract_superior_longitudinal_fasciculus_.right..0.imaging",0.0559717197491617,0.310527991785252,-0.318343082357411
"143","heart_texture_Contrast_glcm_MYO_ES",-0.26280532253254,-0.176145122048836,0.00279218651646522,"brain_bio.weighted.mean_l3_in_tract_superior_thalamic_radiation_.left..0.imaging",-0.0429068757551059,0.334258400875617,-0.327738449574067
"144","heart_texture_Correlation_glcm_MYO_ES",0.395786293731381,-0.253940040174489,0.0462353904716391,"brain_bio.weighted.mean_l3_in_tract_superior_thalamic_radiation_.right..0.imaging",-0.0565171465891129,0.314635633173142,-0.347613393115381
"145","heart_texture_DifferenceAverage_glcm_MYO_ES",-0.32344007710087,-0.161407062608369,0.0679217383284913,"brain_bio.weighted.mean_l3_in_tract_uncinate_fasciculus_.left..0.imaging",-0.0560529891797333,0.251952744327518,-0.372827964205693
"146","heart_texture_DifferenceEntropy_glcm_MYO_ES",-0.345997230643291,-0.21497633165682,0.0272808813142383,"brain_bio.weighted.mean_l3_in_tract_uncinate_fasciculus_.right..0.imaging",-0.0209587539246801,0.277568353996002,-0.38883177962257
"147","heart_texture_DifferenceVariance_glcm_MYO_ES",-0.22881596061886,-0.190792349516399,-0.0400884661550976,"brain_bio.weighted.mean_icvf_in_tract_acoustic_radiation_.left..0.imaging",0.00626066444639333,-0.100261336931432,0.249590041589054
"148","heart_texture_JointEnergy_glcm_MYO_ES",0.12387668699794,0.223651043786373,-0.106215235293534,"brain_bio.weighted.mean_icvf_in_tract_acoustic_radiation_.right..0.imaging",0.0808893914067541,-0.0850408140396915,0.297207658279949
"149","heart_texture_JointEntropy_glcm_MYO_ES",-0.152730864293284,-0.299468223344763,0.0810368924575837,"brain_bio.weighted.mean_icvf_in_tract_anterior_thalamic_radiation_.left..0.imaging",-0.00832538922581661,-0.292328539380168,0.391764085866419
"150","heart_texture_InformalMeasureofCorrelation1_glcm_MYO_ES",-0.426590008708233,0.254690649496179,0.0388504125835136,"brain_bio.weighted.mean_icvf_in_tract_anterior_thalamic_radiation_.right..0.imaging",-0.0216285958017445,-0.305471758298499,0.397645740544839
"151","heart_texture_InformalMeasureofCorrelation2_glcm_MYO_ES",0.338413561718595,-0.31686009487744,-0.0113207199315278,"brain_bio.weighted.mean_icvf_in_tract_cingulate_gyrus_part_of_cingulum_.left..0.imaging",0.130963854815461,-0.228020541529208,0.170927524380157
"152","heart_texture_InverseDifferenceMoment_glcm_MYO_ES",0.329084835919624,0.144230556953018,-0.0932553460782074,"brain_bio.weighted.mean_icvf_in_tract_cingulate_gyrus_part_of_cingulum_.right..0.imaging",0.124228144742237,-0.199967814127666,0.172676730456186
"153","heart_texture_InverseDifferenceMomentNormalized_glcm_MYO_ES",0.18463235314099,-0.311267331966104,-0.365810398789808,"brain_bio.weighted.mean_icvf_in_tract_corticospinal_tract_.left..0.imaging",0.0658109605037547,-0.0317235678847477,0.178003988040304
"154","heart_texture_InverseDifference_glcm_MYO_ES",0.326024775401975,0.135637183673366,-0.102319183627701,"brain_bio.weighted.mean_icvf_in_tract_corticospinal_tract_.right..0.imaging",0.143001327304993,-0.0192148665957655,0.208176200780096
"155","heart_texture_InverseDifferenceNormalized_glcm_MYO_ES",0.256087686863535,-0.20242594103535,-0.333791448231914,"brain_bio.weighted.mean_icvf_in_tract_forceps_minor.0.imaging",-0.0650861592595628,-0.20463256958633,0.315641456770043
"156","heart_texture_InverseVariance_glcm_MYO_ES",-0.291171760363364,-0.0753947795419892,0.152916115080352,"brain_bio.weighted.mean_icvf_in_tract_inferior_fronto.occipital_fasciculus_.left..0.imaging",-0.101121062442489,-0.232581652442488,0.281756970144377
"157","heart_texture_MaximumProbability_glcm_MYO_ES",0.110840848689504,0.198915922136673,-0.107266816620567,"brain_bio.weighted.mean_icvf_in_tract_inferior_fronto.occipital_fasciculus_.right..0.imaging",-0.119496191760428,-0.211298682783197,0.308552009925405
"158","heart_texture_SumAverage_glcm_MYO_ES",-0.0153984316242832,-0.575213571628569,-0.419121281087426,"brain_bio.weighted.mean_icvf_in_tract_inferior_longitudinal_fasciculus_.left..0.imaging",-0.126397915320236,-0.185291667985393,0.249630602782356
"159","heart_texture_SumEntropy_glcm_MYO_ES",-0.0404189654199572,-0.329477244557673,0.0836791528809227,"brain_bio.weighted.mean_icvf_in_tract_inferior_longitudinal_fasciculus_.right..0.imaging",-0.121391739609577,-0.151437073937715,0.285632051134513
"160","heart_texture_SumofSquares_glcm_MYO_ES",-0.0466904399504574,-0.252625696750212,0.0254438165787506,"brain_bio.weighted.mean_icvf_in_tract_posterior_thalamic_radiation_.left..0.imaging",-0.194398982477408,-0.224151995978143,0.229476069937698
"161","heart_texture_SmallAreaEmphasis_glszm_MYO_ED",-0.00944396975987023,-0.221233077323675,-0.203343831144682,"brain_bio.weighted.mean_icvf_in_tract_posterior_thalamic_radiation_.right..0.imaging",-0.16833137893733,-0.181067520115507,0.25815651753923
"162","heart_texture_LargeAreaEmphasis_glszm_MYO_ED",0.737601760634243,0.0808324202956245,-0.0373653052553941,"brain_bio.weighted.mean_icvf_in_tract_superior_longitudinal_fasciculus_.left..0.imaging",-0.0887699905432479,-0.224056200970594,0.231408953127727
"163","heart_texture_GrayLevelNonUniformity_glszm_MYO_ED",0.275382039707065,-0.125409928188802,0.28331049809119,"brain_bio.weighted.mean_icvf_in_tract_superior_longitudinal_fasciculus_.right..0.imaging",-0.0506549446178883,-0.181929892974493,0.268191587848
"164","heart_texture_GrayLevelNonUniformityNormalized_glszm_MYO_ED",0.244864494366319,0.362407248346253,0.319219218510913,"brain_bio.weighted.mean_icvf_in_tract_superior_thalamic_radiation_.left..0.imaging",-0.0636497626732856,-0.242554278481419,0.254498791369158
"165","heart_texture_SizeZoneNonUniformity_glszm_MYO_ED",0.275382039707065,-0.125409928188802,0.28331049809119,"brain_bio.weighted.mean_icvf_in_tract_superior_thalamic_radiation_.right..0.imaging",-0.0465001444136078,-0.253267578504539,0.259101944483172
"166","heart_texture_SizeZoneNonUniformityNormalized_glszm_MYO_ED",-0.0140294891200719,-0.218270716819348,-0.212791254354613,"brain_bio.weighted.mean_icvf_in_tract_uncinate_fasciculus_.left..0.imaging",0.0505221748111453,-0.200216648346489,0.319291819174595
"167","heart_texture_ZonePercentage_glszm_MYO_ED",-0.520986917708422,-0.262675425845557,-0.0269021643742024,"brain_bio.weighted.mean_icvf_in_tract_uncinate_fasciculus_.right..0.imaging",0.0208165862298143,-0.231142919976168,0.301352130530465
"168","heart_texture_GrayLevelVariance_glszm_MYO_ED",-0.153428536934232,-0.313470027287622,-0.366699481217695,"brain_bio.weighted.mean_od_in_tract_acoustic_radiation_.left..0.imaging",-0.111879248101,-0.129533273546589,-0.0248539116305959
"169","heart_texture_ZoneVariance_glszm_MYO_ED",0.738976739967603,0.0777405140281496,-0.0363679063658327,"brain_bio.weighted.mean_od_in_tract_acoustic_radiation_.right..0.imaging",-0.15035828237143,-0.183149036180631,0.0445663304477133
"170","heart_texture_ZoneEntropy_glszm_MYO_ED",-0.161144939094441,-0.267927995994483,-0.157195975090421,"brain_bio.weighted.mean_od_in_tract_anterior_thalamic_radiation_.left..0.imaging",-0.151900703964315,-0.0653582715227884,0.281869464513456
"171","heart_texture_LowGrayLevelZoneEmphasis_glszm_MYO_ED",0.0725396381929216,0.336307055657306,0.472106209052044,"brain_bio.weighted.mean_od_in_tract_cingulate_gyrus_part_of_cingulum_.left..0.imaging",-0.147896050052022,0.0656640827317071,-0.0497697735844825
"172","heart_texture_HighGrayLevelZoneEmphasis_glszm_MYO_ED",-0.146583204099938,-0.373362593226643,-0.466742069672655,"brain_bio.weighted.mean_od_in_tract_cingulate_gyrus_part_of_cingulum_.right..0.imaging",-0.0701908311393735,0.0710237423710267,0.0218878865354952
"173","heart_texture_SmallAreaLowGrayLevelEmphasis_glszm_MYO_ED",0.110504650624686,0.293990977309818,0.421833446344051,"brain_bio.weighted.mean_od_in_tract_corticospinal_tract_.left..0.imaging",-0.288871953933333,-0.109961038194504,-0.038169237460764
"174","heart_texture_SmallAreaHighGrayLevelEmphasis_glszm_MYO_ED",-0.155231751056571,-0.379275416181497,-0.459851730941551,"brain_bio.weighted.mean_od_in_tract_corticospinal_tract_.right..0.imaging",-0.311898092846688,-0.0920786410446386,-0.0195926230407678
"175","heart_texture_LargeAreaLowGrayLevelEmphasis_glszm_MYO_ED",0.383022417435197,0.264931086247745,0.290664764096872,"brain_bio.weighted.mean_od_in_tract_forceps_major.0.imaging",-0.251762430465692,-0.0307113348516593,-0.0306999674460017
"176","heart_texture_LargeAreaHighGrayLevelEmphasis_glszm_MYO_ED",0.645498652369181,-0.11745795171721,-0.331081413629668,"brain_bio.weighted.mean_od_in_tract_forceps_minor.0.imaging",-0.213607721319338,0.0817317960562592,0.0728716875928437
"177","heart_texture_SmallAreaEmphasis_glszm_MYO_ES",0.0744753596978955,-0.121790645661732,-0.041087096372095,"brain_bio.weighted.mean_od_in_tract_inferior_fronto.occipital_fasciculus_.left..0.imaging",-0.126232102770729,0.0190634691931586,0.0831948119915691
"178","heart_texture_LargeAreaEmphasis_glszm_MYO_ES",0.647117070451367,0.179171033701403,-0.00295265228067425,"brain_bio.weighted.mean_od_in_tract_inferior_fronto.occipital_fasciculus_.right..0.imaging",-0.185085803297472,-0.0830461329845099,0.0816812363638986
"179","heart_texture_GrayLevelNonUniformity_glszm_MYO_ES",0.323161551451917,0.0940495298178518,0.0661030920546543,"brain_bio.weighted.mean_od_in_tract_inferior_longitudinal_fasciculus_.left..0.imaging",-0.120785741273922,0.0303276097124389,0.0775348219411627
"180","heart_texture_GrayLevelNonUniformityNormalized_glszm_MYO_ES",0.0231395528094494,0.483679046356249,0.139347383707374,"brain_bio.weighted.mean_od_in_tract_inferior_longitudinal_fasciculus_.right..0.imaging",-0.193053316974022,0.0425792098441246,0.0609437717670883
"181","heart_texture_SizeZoneNonUniformity_glszm_MYO_ES",0.323161551451917,0.0940495298178518,0.0661030920546543,"brain_bio.weighted.mean_od_in_tract_posterior_thalamic_radiation_.left..0.imaging",-0.172446902440321,0.0953621715718857,0.205054881457407
"182","heart_texture_SizeZoneNonUniformityNormalized_glszm_MYO_ES",0.0599083494230485,-0.114277159802595,-0.0431086882375589,"brain_bio.weighted.mean_od_in_tract_posterior_thalamic_radiation_.right..0.imaging",-0.208834279808142,0.0105635457463009,0.189403837856929
"183","heart_texture_ZonePercentage_glszm_MYO_ES",-0.372398181436728,-0.223056564931065,-0.0905600696160286,"brain_bio.weighted.mean_od_in_tract_superior_longitudinal_fasciculus_.left..0.imaging",-0.134138297761303,-0.0688771101675966,0.0402866411447675
"184","heart_texture_GrayLevelVariance_glszm_MYO_ES",-0.0969222818458156,-0.402817179355078,-0.205797502621158,"brain_bio.weighted.mean_od_in_tract_superior_longitudinal_fasciculus_.right..0.imaging",-0.180919440655174,-0.0912268781317504,-0.00186772590060101
"185","heart_texture_ZoneVariance_glszm_MYO_ES",0.654230494342323,0.176594355413022,-0.0052067776926353,"brain_bio.weighted.mean_od_in_tract_superior_thalamic_radiation_.right..0.imaging",-0.283547119438562,-0.240406340835622,0.182070505645864
"186","heart_texture_ZoneEntropy_glszm_MYO_ES",0.0331338060940948,-0.393454634477577,-0.159080187290639,"brain_bio.weighted.mean_od_in_tract_uncinate_fasciculus_.left..0.imaging",-0.178031031309048,0.0734166311270886,0.028064565266114
"187","heart_texture_LowGrayLevelZoneEmphasis_glszm_MYO_ES",-0.0263877202151682,0.377591901499664,0.420864665784537,"brain_bio.weighted.mean_od_in_tract_uncinate_fasciculus_.right..0.imaging",-0.184204868304724,0.0597405878979396,0.0386057909415161
"188","heart_texture_HighGrayLevelZoneEmphasis_glszm_MYO_ES",-0.0190879681547047,-0.429999576948966,-0.367974835695551,"brain_bio.weighted.mean_isovf_in_tract_acoustic_radiation_.left..0.imaging",0.0409671845335266,0.0186994687127292,-0.00376005447349203
"189","heart_texture_SmallAreaLowGrayLevelEmphasis_glszm_MYO_ES",0.00730336694275676,0.349766743296628,0.383640940564216,"brain_bio.weighted.mean_isovf_in_tract_acoustic_radiation_.right..0.imaging",-0.148205967691551,0.0254780483548151,-0.136503245937849
"190","heart_texture_SmallAreaHighGrayLevelEmphasis_glszm_MYO_ES",-0.024107375934105,-0.432188969067174,-0.350754299694134,"brain_bio.weighted.mean_isovf_in_tract_anterior_thalamic_radiation_.left..0.imaging",0.182327059692635,0.424755313989219,-0.320207687132758
"191","heart_texture_LargeAreaLowGrayLevelEmphasis_glszm_MYO_ES",0.293101357715266,0.356785379994627,0.196006536113219,"brain_bio.weighted.mean_isovf_in_tract_anterior_thalamic_radiation_.right..0.imaging",0.198101650651955,0.438757963717296,-0.255623795832586
"192","heart_texture_LargeAreaHighGrayLevelEmphasis_glszm_MYO_ES",0.538517206650847,-0.216046336806659,-0.241618677235012,"brain_bio.weighted.mean_isovf_in_tract_cingulate_gyrus_part_of_cingulum_.left..0.imaging",0.172208811209046,0.0710331829860587,-0.0261226891753599
"193","heart_texture_ShortRunEmphasis_glrlm_MYO_ED",-0.634139790201019,-0.173775056292595,0.0997533105737198,"brain_bio.weighted.mean_isovf_in_tract_cingulate_gyrus_part_of_cingulum_.right..0.imaging",0.152853678238827,0.0926364203637624,0.00840896812201922
"194","heart_texture_LongRunEmphasis_glrlm_MYO_ED",0.608260723024248,0.168453693786915,-0.0881922493351201,"brain_bio.weighted.mean_isovf_in_tract_corticospinal_tract_.left..0.imaging",0.0607585274328614,0.134560289969143,-0.276214267041338
"195","heart_texture_GrayLevelNonUniformity_glrlm_MYO_ED",0.839599340651953,-0.0860127595485214,0.0441718947425156,"brain_bio.weighted.mean_isovf_in_tract_corticospinal_tract_.right..0.imaging",0.0258897421966284,0.116472281407154,-0.27002995525449
"196","heart_texture_GrayLevelNonUniformityNormalized_glrlm_MYO_ED",0.436996168585386,0.188252117144019,-0.0244636342048729,"brain_bio.weighted.mean_isovf_in_tract_forceps_major.0.imaging",-0.0208244010929202,-0.0308858893315574,-0.164805259404484
"197","heart_texture_RunLengthNonUniformity_glrlm_MYO_ED",0.550751668839786,-0.269024409946037,0.132673904548925,"brain_bio.weighted.mean_isovf_in_tract_forceps_minor.0.imaging",0.0244094633922455,0.10111715375848,0.00704035246292444
"198","heart_texture_RunLengthNonUniformityNormalized_glrlm_MYO_ED",-0.619360499388885,-0.157498146172177,0.104418108840285,"brain_bio.weighted.mean_isovf_in_tract_inferior_fronto.occipital_fasciculus_.left..0.imaging",0.068268144285353,0.202205704237276,-0.261935132456751
"199","heart_texture_RunPercentage_glrlm_MYO_ED",-0.612272398661728,-0.14088788428567,0.0990940946306995,"brain_bio.weighted.mean_isovf_in_tract_inferior_fronto.occipital_fasciculus_.right..0.imaging",0.0265762172780938,0.238411341174142,-0.195596451324617
"200","heart_texture_GrayLevelVariance_glrlm_MYO_ED",-0.281259594657063,-0.188449457572289,-0.0743904235591261,"brain_bio.weighted.mean_isovf_in_tract_inferior_longitudinal_fasciculus_.left..0.imaging",0.0501063638284344,0.183217186448326,-0.283030570106768
"201","heart_texture_RunVariance_glrlm_MYO_ED",0.58900062709551,0.156795349209674,-0.0864908819187607,"brain_bio.weighted.mean_isovf_in_tract_inferior_longitudinal_fasciculus_.right..0.imaging",0.0136310601728959,0.256405975489879,-0.248807290309497
"202","heart_texture_RunEntropy_glrlm_MYO_ED",0.267789337675445,-0.162957632931437,-0.25150873921475,"brain_bio.weighted.mean_isovf_in_tract_posterior_thalamic_radiation_.left..0.imaging",0.0486071597165142,0.260474871644537,-0.249127218844176
"203","heart_texture_LowGrayLevelRunEmphasis_glrlm_MYO_ED",-0.071277665165661,0.388480186898519,0.604728200885738,"brain_bio.weighted.mean_isovf_in_tract_posterior_thalamic_radiation_.right..0.imaging",0.0260990819977617,0.28621588397581,-0.177318612409833
"204","heart_texture_HighGrayLevelRunEmphasis_glrlm_MYO_ED",-0.0451847913992334,-0.39457658137054,-0.547645089435409,"brain_bio.weighted.mean_isovf_in_tract_superior_longitudinal_fasciculus_.left..0.imaging",0.0625513241655671,0.322416514429094,-0.263589520890394
"205","heart_texture_ShortRunLowGrayLevelEmphasis_glrlm_MYO_ED",-0.124626745934708,0.369839517190453,0.614851140672079,"brain_bio.weighted.mean_isovf_in_tract_superior_longitudinal_fasciculus_.right..0.imaging",0.0546847420667978,0.362613359922262,-0.198536525984912
"206","heart_texture_ShortRunHighGrayLevelEmphasis_glrlm_MYO_ED",-0.146083622541251,-0.400898133741701,-0.495835703635536,"brain_bio.weighted.mean_isovf_in_tract_superior_thalamic_radiation_.left..0.imaging",-0.0254841976066242,0.362169282916975,-0.229316326751165
"207","heart_texture_LongRunLowGrayLevelEmphasis_glrlm_MYO_ED",0.126495904823152,0.387390427686526,0.471809591533946,"brain_bio.weighted.mean_isovf_in_tract_superior_thalamic_radiation_.right..0.imaging",-0.0446755916075659,0.322994728558322,-0.256417300237513
"208","heart_texture_LongRunHighGrayLevelEmphasis_glrlm_MYO_ED",0.353591670037935,-0.255962653468965,-0.583520002623325,"brain_bio.weighted.mean_isovf_in_tract_uncinate_fasciculus_.left..0.imaging",0.0626638060733462,0.260240790497698,-0.258496251345827
"209","heart_texture_ShortRunEmphasis_glrlm_MYO_ES",-0.409183648884427,-0.0950478128068797,0.124526384598378,"brain_bio.weighted.mean_isovf_in_tract_uncinate_fasciculus_.right..0.imaging",0.0936864218033159,0.229913631725567,-0.248681408684164
"210","heart_texture_LongRunEmphasis_glrlm_MYO_ES",0.465323583152729,0.125860633643244,-0.130064158497321,"brain_bio.weighted.mean_md_in_tract_cingulate_gyrus_part_of_cingulum_.right..0.imaging",-0.0265817069753189,0.235185759624879,-0.186301834532712
"211","heart_texture_GrayLevelNonUniformity_glrlm_MYO_ES",0.791392623112224,0.0867559027653041,0.0361747952283209,"brain_bio.weighted.mean_md_in_tract_uncinate_fasciculus_.left..0.imaging",0.00176405535782901,0.258377335804324,-0.401529015027802
"212","heart_texture_GrayLevelNonUniformityNormalized_glrlm_MYO_ES",0.078543865927603,0.381411596631192,-0.0743802459162189,"brain_bio.weighted.mean_fa_in_tract_inferior_fronto.occipital_fasciculus_.left..0.imaging",-0.0534109431979067,-0.256063067284851,0.211629387514431
"213","heart_texture_RunLengthNonUniformity_glrlm_MYO_ES",0.441676975307365,-0.14683543567377,0.132763683158482,"1",NA,NA,NA
"214","heart_texture_RunLengthNonUniformityNormalized_glrlm_MYO_ES",-0.397358129135456,-0.091871573399906,0.124752397791435,"2",NA,NA,NA
"215","heart_texture_RunPercentage_glrlm_MYO_ES",-0.434675097664507,-0.1190654194564,0.132746618172693,"3",NA,NA,NA
"216","heart_texture_GrayLevelVariance_glrlm_MYO_ES",-0.0561341128936122,-0.291909987903319,-0.0256237922465491,"4",NA,NA,NA
"217","heart_texture_RunVariance_glrlm_MYO_ES",0.484263820480399,0.116241720750549,-0.133315469923926,"5",NA,NA,NA
"218","heart_texture_RunEntropy_glrlm_MYO_ES",0.431775012749198,-0.286540487572899,-0.125050490087795,"6",NA,NA,NA
"219","heart_texture_LowGrayLevelRunEmphasis_glrlm_MYO_ES",-0.0107701698906544,0.484826580912726,0.442925026379451,"7",NA,NA,NA
"220","heart_texture_HighGrayLevelRunEmphasis_glrlm_MYO_ES",-0.00354766227216533,-0.546685789027933,-0.405848574408151,"8",NA,NA,NA
"221","heart_texture_ShortRunLowGrayLevelEmphasis_glrlm_MYO_ES",-0.0710943581580211,0.455377284032438,0.46725005553223,"9",NA,NA,NA
"222","heart_texture_ShortRunHighGrayLevelEmphasis_glrlm_MYO_ES",-0.0798776405539694,-0.511932504315744,-0.357482651835389,"10",NA,NA,NA
"223","heart_texture_LongRunLowGrayLevelEmphasis_glrlm_MYO_ES",0.179066332201793,0.446289129301055,0.265883681216613,"11",NA,NA,NA
"224","heart_texture_LongRunHighGrayLevelEmphasis_glrlm_MYO_ES",0.280228057416563,-0.401319058980628,-0.400137392398953,"12",NA,NA,NA
"225","heart_texture_Coarseness_ngtdm_MYO_ED",-0.730455669946689,0.191087003221948,-0.0481017092712369,"13",NA,NA,NA
"226","heart_texture_Contrast_ngtdm_MYO_ED",-0.270204538109767,0.14136134070641,0.368701544849166,"14",NA,NA,NA
"227","heart_texture_Busyness_ngtdm_MYO_ED",0.27690081200359,0.26269852743915,0.454387357871205,"15",NA,NA,NA
"228","heart_texture_Complexity_ngtdm_MYO_ED",-0.241515995196313,-0.249538650020652,-0.220718422399208,"16",NA,NA,NA
"229","heart_texture_Strength_ngtdm_MYO_ED",-0.269865190381999,-0.0982864415509399,-0.208298535589113,"17",NA,NA,NA
"230","heart_texture_Coarseness_ngtdm_MYO_ES",-0.646927844420825,0.0439047731826718,-0.0288779320839442,"18",NA,NA,NA
"231","heart_texture_Contrast_ngtdm_MYO_ES",-0.131162518502098,0.12743728879409,0.354553300408328,"19",NA,NA,NA
"232","heart_texture_Busyness_ngtdm_MYO_ES",0.297216610154804,0.389122013365855,0.358574319253535,"20",NA,NA,NA
"233","heart_texture_Complexity_ngtdm_MYO_ES",-0.0908263276030096,-0.291424649445928,-0.215362709179482,"21",NA,NA,NA
"234","heart_texture_Strength_ngtdm_MYO_ES",-0.166686390287471,-0.223180227394035,-0.239552564672745,"22",NA,NA,NA
"235","heart_texture_SmallDependenceEmphasis_gldm_MYO_ED",-0.588361075699374,-0.276445769846108,-0.0104028811180553,"23",NA,NA,NA
"236","heart_texture_LargeDependenceEmphasis_gldm_MYO_ED",0.583813254285975,0.123248217287285,-0.0951592575387967,"24",NA,NA,NA
"237","heart_texture_GrayLevelNonUniformity_gldm_MYO_ED",0.8024549053493,-0.0451575293362047,0.00769655703864796,"25",NA,NA,NA
"238","heart_texture_DependenceNonUniformity_gldm_MYO_ED",0.564279708904429,-0.227162926300724,0.117464205390892,"26",NA,NA,NA
"239","heart_texture_DependenceNonUniformityNormalized_gldm_MYO_ED",-0.532852063145335,-0.0888137857921588,0.0906268178521434,"27",NA,NA,NA
"240","heart_texture_GrayLevelVariance_gldm_MYO_ED",-0.305383945543519,-0.160693381538592,-0.0344060298415471,"28",NA,NA,NA
"241","heart_texture_DependenceVariance_gldm_MYO_ED",0.476616096651732,0.0762418849140487,-0.0702646134332562,"29",NA,NA,NA
"242","heart_texture_DependenceEntropy_gldm_MYO_ED",0.393653639646405,-0.018611724747507,-0.165866316800194,"30",NA,NA,NA
"243","heart_texture_LowGrayLevelEmphasis_gldm_MYO_ED",-0.0848807890144144,0.386386897868821,0.60463121796031,"31",NA,NA,NA
"244","heart_texture_HighGrayLevelEmphasis_gldm_MYO_ED",-0.0310803783790694,-0.389794613694095,-0.559009257897087,"32",NA,NA,NA
"245","heart_texture_SmallDependenceLowGrayLevelEmphasis_gldm_MYO_ED",-0.343632600093153,0.199323142523412,0.544935829820281,"33",NA,NA,NA
"246","heart_texture_SmallDependenceHighGrayLevelEmphasis_gldm_MYO_ED",-0.315852984418399,-0.346112896471813,-0.297962381831531,"34",NA,NA,NA
"247","heart_texture_LargeDependenceLowGrayLevelEmphasis_gldm_MYO_ED",0.155734200171754,0.370886968317617,0.445019916932795,"35",NA,NA,NA
"248","heart_texture_LargeDependenceHighGrayLevelEmphasis_gldm_MYO_ED",0.417349349889364,-0.217778621594791,-0.539898130352789,"36",NA,NA,NA
"249","heart_texture_SmallDependenceEmphasis_gldm_MYO_ES",-0.415422314416685,-0.22310550755025,-0.0304064433265814,"37",NA,NA,NA
"250","heart_texture_LargeDependenceEmphasis_gldm_MYO_ES",0.42959009392659,0.118137437628905,-0.143953017375908,"38",NA,NA,NA
"251","heart_texture_GrayLevelNonUniformity_gldm_MYO_ES",0.742417458366819,0.112301579533416,-0.0423400315583337,"39",NA,NA,NA
"252","heart_texture_DependenceNonUniformity_gldm_MYO_ES",0.753918555283188,-0.115851171407936,0.0915778605634032,"40",NA,NA,NA
"253","heart_texture_DependenceNonUniformityNormalized_gldm_MYO_ES",-0.312185713804347,-0.0684506503781007,0.141466436045767,"41",NA,NA,NA
"254","heart_texture_GrayLevelVariance_gldm_MYO_ES",-0.0650183820173916,-0.27474724890123,0.0165213358323915,"42",NA,NA,NA
"255","heart_texture_DependenceVariance_gldm_MYO_ES",0.317947212649684,0.0925530117267345,-0.165711510492789,"43",NA,NA,NA
"256","heart_texture_DependenceEntropy_gldm_MYO_ES",0.247949447906125,-0.292490242564793,0.0188854901828055,"44",NA,NA,NA
"257","heart_texture_LowGrayLevelEmphasis_gldm_MYO_ES",-0.00648359732465585,0.493689000213238,0.434080091407625,"45",NA,NA,NA
"258","heart_texture_HighGrayLevelEmphasis_gldm_MYO_ES",-0.01119704551,-0.561253380487013,-0.402706760572418,"46",NA,NA,NA
"259","heart_texture_SmallDependenceLowGrayLevelEmphasis_gldm_MYO_ES",-0.234938898105422,0.313995534940412,0.431664713861474,"47",NA,NA,NA
"260","heart_texture_SmallDependenceHighGrayLevelEmphasis_gldm_MYO_ES",-0.17272894825642,-0.384146043762442,-0.26525753548317,"48",NA,NA,NA
"261","heart_texture_LargeDependenceLowGrayLevelEmphasis_gldm_MYO_ES",0.159386493802451,0.485055899838987,0.290399533320622,"49",NA,NA,NA
"262","heart_texture_LargeDependenceHighGrayLevelEmphasis_gldm_MYO_ES",0.205997192431313,-0.443217461868922,-0.408509158279064,"50",NA,NA,NA
